{"cameraMode":{"drawMode":0,"name":"Shaded","section":"Shading Mode"},"sceneLighting":false,"audioPlay":false,"sceneViewState":{"showFog":true,"showMaterialUpdate":false,"showSkybox":false,"showFlares":true,"showImageEffects":true,"showParticleSystems":true},"in2DMode":false,"pivot":{"x":6.126468181610107,"y":3.938692569732666,"z":24.093975067138673},"rotation":{"x":0.1481294482946396,"y":-0.6448341608047485,"z":0.1299332231283188,"w":0.7386707067489624},"size":2.8578836917877199,"orthographic":false}