{"cameraMode":{"drawMode":0,"name":"Shaded","section":"Shading Mode"},"sceneLighting":true,"audioPlay":false,"sceneViewState":{"showFog":true,"showMaterialUpdate":false,"showSkybox":true,"showFlares":true,"showImageEffects":true,"showParticleSystems":true},"in2DMode":false,"pivot":{"x":-11.628625869750977,"y":-8.224660873413086,"z":33.01227951049805},"rotation":{"x":0.23284099996089936,"y":-0.6576423048973084,"z":0.22584830224514008,"w":0.6801090240478516},"size":35.108150482177737,"orthographic":false}