{"cameraMode":{"drawMode":0,"name":"Shaded","section":"Shading Mode"},"sceneLighting":true,"audioPlay":false,"sceneViewState":{"showFog":true,"showMaterialUpdate":false,"showSkybox":true,"showFlares":true,"showImageEffects":true,"showParticleSystems":true},"in2DMode":false,"pivot":{"x":2.48765230178833,"y":-2.77767276763916,"z":10.039512634277344},"rotation":{"x":0.02254605107009411,"y":-0.9753562211990356,"z":0.18239739537239076,"w":0.12316958606243134},"size":33.502349853515628,"orthographic":false}