{"cameraMode":{"drawMode":0,"name":"Shaded","section":"Shading Mode"},"sceneLighting":true,"audioPlay":false,"sceneViewState":{"showFog":true,"showMaterialUpdate":false,"showSkybox":true,"showFlares":true,"showImageEffects":true,"showParticleSystems":true},"in2DMode":false,"pivot":{"x":22.3089599609375,"y":-25.445329666137697,"z":68.15718078613281},"rotation":{"x":-0.17386117577552796,"y":-0.2087075114250183,"z":0.037589311599731448,"w":-0.9617697596549988},"size":87.88947296142578,"orthographic":false}